_id,ishelpful,isrecommend,playtime,date,content_text,user
6640c769bb0e68e4b15e99d5,아직 아무도 이 평가가 유용하다고 하지 않음 0,비추천,기록상 201.3시간,2024년 5월 12일,복귀 한달 차. 클래스 캐시로 뽑아서 해야하는거에 놀란다. 캐시클래스 없이 한다? 시바 발암도 이런 발암이 없네. 다 캐시클래스 하고있는 이유가 있었네. 모바일 게임인줄 알았다 학큐야!,한국인의두통냥맞다개
6640c769bb0e68e4b15e99d6,1명이 이 평가가 유용하다고 함 0,비추천,기록상 36.3시간,2024년 5월 11일,그냥 예전 8랭크 시절이 가장 재미있다. ,clscnsgid
6640c769bb0e68e4b15e99d7,아직 아무도 이 평가가 유용하다고 하지 않음 0,추천,기록상 37.0시간,2024년 5월 9일,gg. ,Alice schach
6640c769bb0e68e4b15e99d8,2명이 이 평가가 유용하다고 함 0,비추천,기록상 554.7시간,2024년 5월 5일,그래픽 좋은 채팅 프로그램. ,Free Hongkong
6640c769bb0e68e4b15e99d9,1명이 이 평가가 유용하다고 함\n1명이 이 평가가 재미있다고 함 0,비추천,기록상 0.3시간,2024년 4월 27일,??,SIMPLENICK
6640c769bb0e68e4b15e99da,1명이 이 평가가 유용하다고 함 0,추천,기록상 295.1시간,2024년 4월 14일,할만혀. ,happy naru
6640c769bb0e68e4b15e99db,3명이 이 평가가 유용하다고 함\n1명이 이 평가가 재미있다고 함 0,비추천,기록상 313.4시간,2024년 4월 8일,버그를 지들이 방치하고 아무런설명도 없이 이벤트성 상품 판매하고 몇일뒤에 버그 악용이라고 정지시키는 미친 회사. ,123
6640c76abb0e68e4b15e99dc,아직 아무도 이 평가가 유용하다고 하지 않음 0,비추천,기록상 0.4시간,2024년 4월 8일,한글이안써져 ㅅㅂ. ,형은개도문다
6640c76abb0e68e4b15e99dd,8명이 이 평가가 유용하다고 함 0,비추천,기록상 14.0시간,2024년 4월 18일,퍼블리셔에서 쫓겨나서 스팀으로온 전형적인 사례입니다. 단순히 인기가 없어서가 아닙니다. 클베를했던 때부터 한결같이 유저의 의견은 무시하고 본인들 편한대로만 운영해 왔습니다. 넥슨에서 서비스하던 때부터 수많은 매니아 분들이 계셨고. 개선점이나 문제점들을 액셀로 정리해서 보내던분들도 많을 정도였지만 죄다 무시했습니다. 결국 그런분들조차 못버티고 접어서 스팀으로 쫓겨온거고. 많은 잠재력을 가지고 있는 게임이었지만. 실제로 힘들다 못한다만 말하며 개발하고 운영하다 이지경이 된 게임입니다. 무언가 발전할거라 기대하지 마세요. ,Lunishain
6640c76abb0e68e4b15e99de,3명이 이 평가가 유용하다고 함\n2명이 이 평가가 재미있다고 함 2,비추천,"기록상 1,414.0시간",2024년 4월 3일,난 계속 해볼게.. 너넨 하지마..,GRZ
6640c76abb0e68e4b15e99df,아직 아무도 이 평가가 유용하다고 하지 않음 0,추천,기록상 113.1시간,2024년 3월 30일,오랜만에 하니 정말 잼있내요...아쉽게도 이전을 못해 계정을날려 첨부터 다시하지만..,hihangel2
6640c76abb0e68e4b15e99e0,아직 아무도 이 평가가 유용하다고 하지 않음 0,추천,기록상 2.2시간,2024년 3월 30일,-똥-. ,AM
6640c76abb0e68e4b15e99e1,아직 아무도 이 평가가 유용하다고 하지 않음 0,추천,기록상 150.3시간,2024년 3월 29일,TP충전했습니다.코스튬을 구입하기위해서요. 헌데 살수가 없네요? 살수가 없다면 TP 충전 안했을텐데요.TP로 코스튬 구매가 안되니 화가 납니다.씨발. ,gomurejung
6640c76abb0e68e4b15e99e2,1명이 이 평가가 유용하다고 함 0,추천,기록상 47.5시간,2024년 3월 17일,옛감성 너무재밋어용. ,rkd7686
6640c76bbb0e68e4b15e99e3,아직 아무도 이 평가가 유용하다고 하지 않음 0,추천,기록상 427.7시간,2024년 2월 25일,1111. ,76561199631699665
6640c76bbb0e68e4b15e99e4,4명이 이 평가가 유용하다고 함 0,비추천,기록상 0.1시간,2024년 2월 19일,잘만들어놓고 운영으로 말아먹은 게임. ,교르길리우스
6640c76bbb0e68e4b15e99e5,7명이 이 평가가 유용하다고 함 0,비추천,기록상 860.9시간,2024년 2월 8일,뉴비 적대적 현질게임;;. ,wotmddua01
6640c76bbb0e68e4b15e99e6,아직 아무도 이 평가가 유용하다고 하지 않음 0,추천,기록상 337.7시간,2024년 2월 6일,이제는 똥도 먹을만하다. ,제나스
6640c76bbb0e68e4b15e99e7,5명이 이 평가가 유용하다고 함 0,비추천,기록상 0.3시간,2024년 1월 31일,추억은 추억 속에. ,mi_mic
6640c76bbb0e68e4b15e99e8,아직 아무도 이 평가가 유용하다고 하지 않음 0,비추천,기록상 1.3시간,2024년 1월 30일,트우시 클래식 내주세요 제발. ,dd
6640c76cbb0e68e4b15e99e9,아직 아무도 이 평가가 유용하다고 하지 않음 0,추천,기록상 26.9시간,2024년 1월 26일,캐릭터 생성안되는것 고쳐주셧으면 합니다. 계정은 만들엇는데 캐릭터 이름만들기 부터 뭘해도 그냥 안되던데 답답하네요.,dayeonjeon18
6640c76cbb0e68e4b15e99ea,3명이 이 평가가 유용하다고 함 0,비추천,기록상 45.7시간,2024년 1월 23일,게임이 실행해서 접속하면 걍 멈춤 해결방법도 없는듯. ,Krrr
6640c76cbb0e68e4b15e99eb,아직 아무도 이 평가가 유용하다고 하지 않음 0,추천,기록상 6.6시간,2024년 1월 21일,제발 맥에서도 실행할수 있게 해줬으면 좋겠다....,aeun
6640c76cbb0e68e4b15e99ec,아직 아무도 이 평가가 유용하다고 하지 않음 0,비추천,기록상 291.6시간,2024년 1월 21일,그립다 그립다 그립다 그립다 그립다 그립다 그립다 그립다 그립다. ,c89
6640c76cbb0e68e4b15e99ed,7명이 이 평가가 유용하다고 함\n4명이 이 평가가 재미있다고 함 0,추천,"기록상 2,754.7시간",2024년 1월 19일,대 노 잼. ,두라비
6640c76cbb0e68e4b15e99ee,아직 아무도 이 평가가 유용하다고 하지 않음 0,추천,기록상 28.1시간,2024년 1월 13일,생각보다 재밌어서 당황 ㅎㅎ. ,seulli_
6640c76dbb0e68e4b15e99ef,아직 아무도 이 평가가 유용하다고 하지 않음 0,추천,기록상 21.5시간,2024년 1월 8일,이번에는 전직이 안되요....전직하기가 않떠요 점핑햇는데..ㅠㅠ. ,dj35052
6640c76dbb0e68e4b15e99f0,아직 아무도 이 평가가 유용하다고 하지 않음 0,추천,기록상 51.5시간,2024년 1월 8일,트오세 캐릭 생성이 안됩니다 생성 닉네임 하려고 하면 아무리 이것저것 바꿔봐도. 생성 자체가 안되요....,ekdus4567
6640c76dbb0e68e4b15e99f1,3명이 이 평가가 유용하다고 함\n1명이 이 평가가 재미있다고 함 0,비추천,기록상 0.8시간,2023년 12월 24일,아기자기한 겉모습에 참지 못하고 맛을 보려 설치했다가. 폴폴 풍기는 똥냄새에 도저히 참지 못하고 30분만에 삭제. ,꼬꼬마유연
6640c76dbb0e68e4b15e99f2,29명이 이 평가가 유용하다고 함 2,추천,기록상 55.9시간,2023년 12월 21일,그냥 혼자서 복고풍의 스토리 알피지 게임 한다고 생각하면 모든게 아름답게 다가오지 않을까.,gwaeng-ibab
6640c76dbb0e68e4b15e99f3,1명이 이 평가가 유용하다고 함 0,추천,기록상 282.8시간,2023년 12월 14일,재밌음.. 연어겜임. ,tread89
6640c76dbb0e68e4b15e99f4,2명이 이 평가가 유용하다고 함 0,추천,기록상 240.6시간,2023년 12월 13일,처음해보는건데 에피소드 할때 t 눌렀더니 그냥 바로 본게임으로 넘어가버렸어요 이거 어떻게 되돌릴수 있나요?,AtticBoom
6640c76dbb0e68e4b15e99f5,3명이 이 평가가 유용하다고 함 0,비추천,기록상 0.1시간,2023년 11월 29일,똥나무. ,nst1127
6640c76dbb0e68e4b15e99f6,아직 아무도 이 평가가 유용하다고 하지 않음 0,추천,기록상 3.0시간,2023년 11월 21일,"오랜만에 복귀했는데, UI도 깔끔해지고 편의성이 많이 좋아졌네요. 깔끔하고 귀여운 그래픽의 MMORPG 게임으로는 적극 추천합니다.",ruliboy
6640c76dbb0e68e4b15e99f7,10명이 이 평가가 유용하다고 함 0,비추천,기록상 828.9시간,2023년 12월 21일,오픈때부터 꾸준히 했어요 게임 개발 당시부터 똥나무라 불리고 엄청나게 욕을 먹었지만 나름대로 할만한 시절도 있었고 독특한 부분도 있어서 오래 했지만 갈수록 하락세인 이유가 게임이 제대로 관리가 안되고 일반유저를 너무 무시합니다 약속은 지키지 않고 배려는 없으며 운영은 개판입니다. 그래도 한번쯤 찍먹은 할 수 있다곤 봤는데 2023년 이후 기준으로는 뉴비들이 현금버릴 생각으로 하는거 아니면 전혀 즐기기 힘들다고 보면 됨 진입장벽이 높진 않은데 진입하는거에 무슨의미가 있나 하는 게임이 되버림 그냥 오래 본 사람들끼리 가끔 하는 친목겜 수준. ,무한자유
6640c76ebb0e68e4b15e99f8,1명이 이 평가가 유용하다고 함 0,추천,기록상 6.4시간,2023년 11월 20일,지금 주류와는 다르지만 촌스러운 느낌을 주지 않는 섬세한 그래픽과 다양한 BGM에 눈과 귀가 즐거웠습니다. 서비스가 오래된 만큼 초보자의 진입장벽은 좀 있는 편이지만 MMO장르 자체가 그렇기에 납득 가능한 수준입니다. 자잘하게 불편한 부분들이 있지만 장점이 더 많아 보이네요.,mjosaga
6640c76ebb0e68e4b15e99f9,아직 아무도 이 평가가 유용하다고 하지 않음 0,추천,기록상 3.5시간,2023년 11월 20일,아기자기하고 분위기있어요. 게임은 느긋하게 하는걸 좋아하는데 퀘스트 따라가다 중간중간 천천히 그래픽 구경하면서 돌아다니는것도 재미있고 BGM 고를 수 있는 것도 신선해요. ,밥
6640c76ebb0e68e4b15e99fa,2명이 이 평가가 유용하다고 함 0,추천,기록상 104.0시간,2023년 11월 19일,이모티콘과 채팅이 맛있었다. ,Yalyal
6640c76ebb0e68e4b15e99fb,아직 아무도 이 평가가 유용하다고 하지 않음 0,추천,기록상 2.5시간,2023년 11월 19일,"낭만이 가득했던 클래식 MMORPG 스타일의 게임을 찾는다면. 이만한 게임이 없다고 생각한다. 주기적으로 복귀 할 때 마다 느끼는 거지만. 시대에 발 맞추기 위한 내부적인 시스템의 개선이 꾸준히 있는 게임이기 때문에,. 이 게임만의 고유한 그래픽 스타일이 주는 감성에 매력을 느낀다면. 5년, 10년 뒤에도 여전히 복귀할만한 게임으로 남아있을 것으로 보인다.",blackoil
6640c76ebb0e68e4b15e99fc,2명이 이 평가가 유용하다고 함 0,추천,기록상 10.3시간,2023년 11월 18일,옛 추억. ,매화아래
6640c76ebb0e68e4b15e99fd,1명이 이 평가가 유용하다고 함 0,추천,기록상 243.3시간,2023년 11월 18일,고고헛. ,천국행티켓
6640c76ebb0e68e4b15e99fe,3명이 이 평가가 유용하다고 함\n1명이 이 평가가 재미있다고 함 0,추천,기록상 7.6시간,2023년 11월 17일,Zesty Down! Giltine Bi-Sang! Laima Na-wa! Ausrine Na-wa!,표준라이브러리
6640c76ebb0e68e4b15e99ff,아직 아무도 이 평가가 유용하다고 하지 않음\n1명이 이 평가가 재미있다고 함 0,비추천,기록상 2.8시간,2023년 11월 16일,똥을 찍어 먹어야 똥인줄 알았다.,GM_MOON
6640c76ebb0e68e4b15e9a00,3명이 이 평가가 유용하다고 함 0,추천,기록상 112.6시간,2023년 11월 15일,성능 본캐로 스토리쫙밀고 레이드돌다가 부캐로 스킨까지 컨셉 플레이로 맞춰서 하니깐 뭔가더 몰입감높아짐 ㅋㅋㅋ 깨알같은 컨셉직업들도 상향부탁드립니다 ! 아기자기한맛이 이만한게없음. ,Aron
6640c76ebb0e68e4b15e9a01,아직 아무도 이 평가가 유용하다고 하지 않음 0,추천,기록상 111.4시간,2023년 11월 15일,할거없을떄 할만함. ,Kill99.99Germs
6640c76ebb0e68e4b15e9a02,아직 아무도 이 평가가 유용하다고 하지 않음 0,추천,기록상 343.0시간,2023년 11월 15일,이명은 나랑 같이 한다매!!!,BlackPearl
6640c76ebb0e68e4b15e9a03,아직 아무도 이 평가가 유용하다고 하지 않음 0,추천,기록상 3.9시간,2023년 11월 15일,옛날게임이 이런 스타일 많았는데.. 추억이 떠오르는 그래픽. 후반에 가면 무기강화를 좀 해야하는 것 같은데 일단 쪼렙이라 스토리 따라가는 중. 풍경이나 동물 같은게 아기자기하고 귀여워요. 돌아다니면서 구경하고 있으면 힐링하는 느낌.,pharah27
6640c76fbb0e68e4b15e9a04,아직 아무도 이 평가가 유용하다고 하지 않음 0,추천,기록상 2.5시간,2023년 11월 15일,"It's a very fun game. The characters are super cute, the music is epic, and the quests are interesting. The operation is a little inconvenient, but I think you'll get used to it.",dieblume
6640c76fbb0e68e4b15e9a05,아직 아무도 이 평가가 유용하다고 하지 않음 0,추천,기록상 67.1시간,2023년 11월 15일,잼잼. ,ehdgmlghkd
6640c76fbb0e68e4b15e9a06,아직 아무도 이 평가가 유용하다고 하지 않음 0,비추천,"기록상 6,210.9시간",2023년 10월 21일,개 노답 게임. ,openjang
6640c76fbb0e68e4b15e9a07,아직 아무도 이 평가가 유용하다고 하지 않음 0,비추천,기록상 7.6시간,2023년 10월 10일,솔직히 일러스트랑 캐릭터 귀여운 거 빼고 뭐 장점이 없는거 같다 굳이 왜 해야될지 모르겠음. 하는 사람이 없어서 정보 얻던 사이트도 다 멈춰버렸다. 복귀 하고 싶어도 못한다. 참고로 넥슨 때 시노비도 열고 무녀도 열고 24시간 하루종일 써서 히든 직업도 열었음. ,rabbyt98
6640c76fbb0e68e4b15e9a08,아직 아무도 이 평가가 유용하다고 하지 않음 0,비추천,기록상 2.3시간,2023년 10월 10일,"리소스(이미지,일러등등)가 상당히 아까운게임이다.",JELLYMASTER
6640c76fbb0e68e4b15e9a09,5명이 이 평가가 유용하다고 함\n1명이 이 평가가 재미있다고 함 0,비추천,기록상 57.1시간,2023년 10월 4일,팅기더니 공지도 없슴 머임? 섭종함?,donkeysmile
6640c76fbb0e68e4b15e9a0a,17명이 이 평가가 유용하다고 함\n1명이 이 평가가 재미있다고 함 0,비추천,기록상 4.9시간,2023년 9월 20일,이 게임이 왜 똥나무라며 조롱받는지 기억해라... 한국섭이 왜 망했는지 알고있다면 이걸 누르지 마... 제발... 도망가-! 한국섭에서 재밋게 하다가 스팀에서는 도저히 못하겠다.. 운영진들이 무슨 생각을 하고 있는지 모르겠다. ,J.Fla
6640c76fbb0e68e4b15e9a0b,17명이 이 평가가 유용하다고 함 0,비추천,"기록상 2,230.7시간",2023년 9월 11일,신규 레이드라고 나오는 보스들은 죄다 괴랄한 패턴을 내놓고는 렉도 잡지 못해서 어이없이 죽게 만드는 쓰레기 같은 운영을 지속하고 게임 렉은 매 업데이트마다 더욱 심해진다. 이 게임에 이토록 돈을 박아가면서 열심히 한 내가 병신이고 흑우 새끼라는 걸 새삼 느낀다. 고맙다 IMC. ,BingGry
6640c76fbb0e68e4b15e9a0c,10명이 이 평가가 유용하다고 함 0,비추천,기록상 11.3시간,2023년 9월 11일,"트오세로 인하여 ""탈출은 지능순"" 이라는 명언을 믿게 되었다.",blackell
6640c76fbb0e68e4b15e9a0d,아직 아무도 이 평가가 유용하다고 하지 않음 0,추천,기록상 4.9시간,2023년 9월 11일,할만하다!,hbstudio
6640c770bb0e68e4b15e9a0e,1명이 이 평가가 유용하다고 함 0,비추천,기록상 81.5시간,2023년 9월 11일,쓰레기 게임이라 자랑하나 ? 플레이 할때마다 에러나고 꺼저 버림 .,nbear21
6640c770bb0e68e4b15e9a0f,아직 아무도 이 평가가 유용하다고 하지 않음 0,추천,기록상 0.4시간,2023년 9월 7일,go go hyut!,mfanogada
6640c770bb0e68e4b15e9a10,1명이 이 평가가 유용하다고 함 0,추천,기록상 170.1시간,2023년 9월 7일,생각보다 할것도 많고 재밌음 이제 레벨 200대인데 빨리 500 찍어야겠누. ,RealOG
6640c770bb0e68e4b15e9a11,1명이 이 평가가 유용하다고 함\n1명이 이 평가가 재미있다고 함 0,추천,기록상 104.5시간,2023년 9월 7일,정보 얻을곳이 없어서 뇌빼고 지나가던 사람 부여잡고 물어봐서 하는거만 뺴면 그럭저럭 할만함. ,소다
6640c770bb0e68e4b15e9a12,5명이 이 평가가 유용하다고 함 0,추천,"기록상 6,661.9시간",2023년 9월 7일,음악이 친절하고 그래픽이 맛있어요. 업데이트 해서 오랜만에 왔더니 익숙한 그맛. 뭐 많이 주는거 같아서 일단 다시 또 달려 봅니다.,pockety1
6640c770bb0e68e4b15e9a13,2명이 이 평가가 유용하다고 함 0,추천,기록상 29.3시간,2023년 9월 7일,"뭐야 디자인 , 게임성 , 퀄리티 좋은데? 앗! 버그가!.. 조금 있네영.. 그래도 열심히 점검하시네요. ",DoFaMin
6640c770bb0e68e4b15e9a14,아직 아무도 이 평가가 유용하다고 하지 않음 0,추천,"기록상 2,729.1시간",2023년 9월 5일,이 게임은 조금 싸울 수 있지만 모션트래킹 안되는 귀여운 아바타 vr chat임.,leinalo
6640c770bb0e68e4b15e9a15,아직 아무도 이 평가가 유용하다고 하지 않음 0,추천,기록상 199.7시간,2023년 9월 5일,맛을 봐야 이것이 무엇인지 알 수 있다.,wearylife
6640c771bb0e68e4b15e9a16,3명이 이 평가가 유용하다고 함 0,비추천,기록상 1.6시간,2023년 9월 1일,평소모든게임 키셋팅을 똑같이해두고 하는편인데 트오세도 그렇게 하려고했던게임중하나였다. 예전 스팀오기전부터 키설정안되는버그조차 안잡고 그대로 옴겨온것보고 잠시라도다시 할까 싶은생각도 싹접힌다 글러먹었네. ,gigatender
6640c771bb0e68e4b15e9a17,1명이 이 평가가 유용하다고 함\n1명이 이 평가가 재미있다고 함 0,비추천,기록상 0.4시간,2023년 8월 30일,호랑이는 죽어서 가죽을 남기는 것처럼 이 게임은 일러와 브금을 남겼다. 밸런스 못맞추는건 둘째치고 캐릭 컨셉이라도 살려줘야하는거 아니냐 ㅠㅠ. 밸패랍시고 캐릭 컨셉을 없애버리면 나만의 클래스 트리 만들겠다고 노력한 유저는 머가 되냐. 소환컨셉 네소보 돌려줘. ,LuKaFel
6640c771bb0e68e4b15e9a18,6명이 이 평가가 유용하다고 함 0,추천,"기록상 2,127.4시간",2023년 8월 29일,아무 생각없이 하기 좋음. ,차나은
6640c771bb0e68e4b15e9a19,1명이 이 평가가 유용하다고 함 0,추천,기록상 53.7시간,2023년 8월 26일,오랫만에 와서 다시해봤지만 스토리는 여전하고 나쁘지않다 감회도 새롭고 할만하다 다만 유저가 예전에 비해 안보이는데 더 많이 뉴비가 유입되었으면 좋겠으며 밸런스나 이런부분 예전문제들거론되지않도록 업데이트 및 패치를. 하여 나날이 나아졌으면좋겠다. ,cjdan35
6640c771bb0e68e4b15e9a1a,1명이 이 평가가 유용하다고 함 0,추천,기록상 69.1시간,2023년 8월 16일,난 뉴비 똥나무를 즐기러왔다가 똥나무에 빠지다.,momyu50
6640c771bb0e68e4b15e9a1b,아직 아무도 이 평가가 유용하다고 하지 않음 0,추천,기록상 21.6시간,2023년 8월 1일,아기자기한 그래픽덕에 재밌게 스토리 밀고있어요. ,CN_Booke
6640c771bb0e68e4b15e9a1c,1명이 이 평가가 유용하다고 함 0,비추천,기록상 44.6시간,2023년 8월 1일,똥나무는 똥나무다. ,newdevil89
6640c771bb0e68e4b15e9a1d,2명이 이 평가가 유용하다고 함 0,비추천,기록상 71.6시간,2023년 7월 30일,장점은초반부터버프와여러가지전직을해볼수잇다는겁니다.. 단점은사람들이많이빠져나가서..통합해두그다지경매장에물품이없어여..,631zero
6640c771bb0e68e4b15e9a1e,아직 아무도 이 평가가 유용하다고 하지 않음 0,추천,기록상 107.7시간,2023년 7월 28일,"이 게임 좋음. 다른 게임에서는 버그가 개빡침을 유발하지만, 이겜은 뭐 너무 유명해서 버그조차 예술임. 컨트롤은 키보드 컨트롤 실화냐 할만큼 마우스 쓸일이 거의 없음.",KenBell
6640c772bb0e68e4b15e9a1f,2명이 이 평가가 유용하다고 함 0,비추천,기록상 7.3시간,2023년 7월 14일,존나 튕김. ,Jenitak
6640c772bb0e68e4b15e9a20,1명이 이 평가가 유용하다고 함 0,비추천,기록상 3.6시간,2023년 7월 13일,"시작부터 한글 입력이 특수 기호로 나오길래 무시했는데 120렙 지나고 계승 시스템을 사용할려니 한글로 ""계승"" 을 치질 못해서(복사 해서 입력도 않됨) 진행이 안됨 ㅋㅋㅋㅋㅋㅋㅋㅋㅋㅋㅋ 인터넷에서 찾아봐도, IME 변경 또는 다운 받으라는데 그것도 않됨 ㅋㅋ 이게 게임이냐. ",꿀곰
6640c772bb0e68e4b15e9a21,11명이 이 평가가 유용하다고 함\n3명이 이 평가가 재미있다고 함 0,비추천,"기록상 3,075.8시간",2023년 7월 10일,주에 5시간만 일하는 직원 복지 최고의 회사. ,얼이
6640c772bb0e68e4b15e9a22,3명이 이 평가가 유용하다고 함 0,비추천,기록상 4.2시간,2023년 7월 9일,"접은지 한참 됐고 나아질 일도 없고 게임 자체에 대해선 좋은 기억이 그닥 없지만. 아직도 내가 이 겜 눈팅을 한다. 그저 그래픽과 브금, 직업컨셉만은 goat..그 외 전부 joat인 게임. ",backmi33
6640c772bb0e68e4b15e9a23,3명이 이 평가가 유용하다고 함 0,비추천,기록상 107.1시간,2023년 7월 4일,여태 살면서 해본 최악의 rpg. 뉴비 가이드라인도 허접하고 만렙 컨텐츠는 진짜 말도 안나올정도로 노잼임. 컨텐츠재화가 랜덤박스에서 튀어나오는 우주초갓겜트우시 당장삭제. ,Zone
6640c772bb0e68e4b15e9a24,아직 아무도 이 평가가 유용하다고 하지 않음 0,추천,기록상 32.7시간,2023년 7월 4일,스팀오고 수호자로 아주편하게 ? 성장가능. ,therre
6640c773bb0e68e4b15e9a25,3명이 이 평가가 유용하다고 함 0,비추천,기록상 880.9시간,2023년 6월 27일,"다양한 직업군의 조합으로 인한 뇌오세가 재미있는 겜이었지만 시너지 조합이 나오면 너프 것도 귀찮아서 시너지 제거. 다양한 능력이 있는 장비가 좋았지만 귀찮았는지 아이커로 통일. 바이보라는 아직 없는 직업군이 있음 다양하고 색다른 옵션보다 그냥 귀찮아서 숫자 놀음한 직업이 더 강함, 방어구와 시너지 맞지 않는 직업군 개선하지 않음. 시작 시 티어 직업군을 키우려면 과금적인 요소가 필요함. ex) 라마. 직업 간의 딜량 차이가 심해 사람들이 안 키우는건 이유가 있음. ex) 장비 동스펙 기준(하플 노여카) 하플>>>펠로무 하플 하나가 펠로무보다 쌤. 성물 패치하고 후회한다고 간담회에서 말하고 것보다 밸붕 심한 공용 스킬 내놓음 심지어 적용 여부 확인 안하고 내놓음. 패치하는건 없는데 매번 버그가 생김 심지어 방치된 버그 존재. ex) 네크 디신터. 감자섭 매번 화요일전이면 렉에 둔감한 사람도 못 느낄 수 없음 추종자 콜로니 시간이면 겜이 느려지는 마법을 보며, 서버는 아직도 터짐. 운영 쓰레기. 기존에 팔아 먹은 레티샤 아이템 활용할 방법이 없음 (누가 바실리사 레이드 피감 포션을 먹니…?). 버그 신고자 제재. 기준 없는 밸패 전 직업 거의 16퍼 그냥 대충 한거 같은데 왜 한 번에 안 하는지. 16퍼를 못 받은 애는 왜 못 받는지도 모르겠음. 화요일 패치를 보면 매번 캐쉬 상품은 칼같이 올리지만 패치 및 수정 내역은 한 참걸려서 올라옴. ",applebean
6640c773bb0e68e4b15e9a26,6명이 이 평가가 유용하다고 함 0,비추천,기록상 2.1시간,2023년 6월 25일,남들이 똥나무라 부르며 멸시했을 때에도 열심히 했었는데... 갑자기 스카웃 직업군을 추가하더니 신직업이 나오는게 아니라 다른직업들의 서포트 계열을 데려가서 잡탕을 만들어놨다. 컨셉도 엉망이 되었고 조합도 원하는대로 할 수 없는데 더 이게임을 할 필요가 있는지?,DeepPark
6640c773bb0e68e4b15e9a27,7명이 이 평가가 유용하다고 함\n3명이 이 평가가 재미있다고 함 0,비추천,기록상 757.6시간,2023년 6월 18일,미안하다..,The weGI
6640c773bb0e68e4b15e9a28,아직 아무도 이 평가가 유용하다고 하지 않음 0,비추천,기록상 6.0시간,2023년 6월 17일,아니 슈ㅜ발...게임소리가 안들려요 입문하려고 하는데 게임소리가 안들린다고요 게임소리가 안들리면 어떻게 게임을 하나요 다른 게임은 다 잘들리는데 트오세만 안들려요 슈발 진짜 안할란다. ,eorjs9028
6640c773bb0e68e4b15e9a29,2명이 이 평가가 유용하다고 함 0,비추천,기록상 38.0시간,2023년 6월 14일,충분히 발달된 똥겜은 똥과 구분할 수 없다.,broccolihair
6640c773bb0e68e4b15e9a2a,7명이 이 평가가 유용하다고 함 0,추천,기록상 12.2시간,2023년 6월 3일,자잘한 버그들이 많지만. 플레이 못할 정도는 아니다.. 포켓몬스바 정도의 버그다... 캐릭터가 귀엽고 렙업하는 재미가 있다.. 강화하면 몹들 되게 쉽게 잡을 수 있다.. 이것저것 퍼줘서 좋다.,82chan
6640c773bb0e68e4b15e9a2b,아직 아무도 이 평가가 유용하다고 하지 않음 0,비추천,기록상 23.4시간,2023년 6월 1일,서버 렉 고쳐주세여 제발. ,comicchamp64
6640c773bb0e68e4b15e9a2c,2명이 이 평가가 유용하다고 함 0,비추천,기록상 0.1시간,2023년 5월 31일,못고치겠으면 그냥 빨리 섭종하자.. 남아있는 유저들 희망고문 당하는거 불쌍하지도 않냐? 게임 다 망쳐두고 미래가 훤이 보이는데 그냥 섭종하자~. ,휴지
6640c773bb0e68e4b15e9a2d,1명이 이 평가가 유용하다고 함 0,추천,기록상 280.3시간,2023년 5월 28일,요즘 이만한 RPG있냐? 진심 버그없는게임은 없고. 허들을 좀 낮추면 존나재밌다. ,junsung2208
6640c774bb0e68e4b15e9a2e,아직 아무도 이 평가가 유용하다고 하지 않음 0,비추천,기록상 7.3시간,2023년 5월 28일,ㅗㅗ. ,yes5344255
6640c774bb0e68e4b15e9a2f,1명이 이 평가가 유용하다고 함\n1명이 이 평가가 재미있다고 함 0,추천,기록상 67.4시간,2023년 5월 27일,님들 스팀으로 이사해놓고 티져영상에 넥슨로고를 박아놓는게 맞는거임?ㅋㅋㅋㅋㅋㅋ. ,오리너구리
6640c774bb0e68e4b15e9a30,아직 아무도 이 평가가 유용하다고 하지 않음 0,비추천,기록상 6.0시간,2023년 5월 27일,왜 스팀으로 왔더니. 점프만 해도 애들이 땅으로 꺼지니.. 무슨일이야. ,아르
6640c774bb0e68e4b15e9a31,아직 아무도 이 평가가 유용하다고 하지 않음 0,추천,기록상 65.5시간,2023년 5월 17일,...에휴 힘내라 트오세. ,Help! It's so difficult
6640c774bb0e68e4b15e9a32,아직 아무도 이 평가가 유용하다고 하지 않음 0,추천,기록상 402.3시간,2023년 5월 13일,,sw0753
6640c774bb0e68e4b15e9a33,아직 아무도 이 평가가 유용하다고 하지 않음 0,추천,기록상 2.4시간,2023년 5월 13일,옛날 생각남. 되게 재밌게 플레이중. ,JIN
6640c774bb0e68e4b15e9a34,아직 아무도 이 평가가 유용하다고 하지 않음 0,비추천,기록상 283.4시간,2023년 5월 11일,키면 채팅치고 토템박는시간이 더 많음. ,ColaGom
6640c775bb0e68e4b15e9a35,21명이 이 평가가 유용하다고 함\n4명이 이 평가가 재미있다고 함 0,비추천,기록상 1.9시간,2023년 5월 11일,뉴비라고 이것저것 퍼주긴하는대 퍼줘서 기분 좋은게 아니라. 이걸 다 써야 정상적인 게임이 되겠다 싶으니 무서워서 빤스런함. ,Clear Day
6640c775bb0e68e4b15e9a36,4명이 이 평가가 유용하다고 함\n12명이 이 평가가 재미있다고 함 0,추천,"기록상 1,819.4시간",2023년 5월 6일,복귀해보려 했는데 회사 인수인계 받을때보다 배울것이 더 많다 하하ㅏ하하. ,개울가에 올챙이 한마리
6640c775bb0e68e4b15e9a37,1명이 이 평가가 유용하다고 함 0,비추천,기록상 5.5시간,2023년 5월 6일,노잼. ,섹돈까스
6640c775bb0e68e4b15e9a38,15명이 이 평가가 유용하다고 함\n1명이 이 평가가 재미있다고 함 0,추천,"기록상 4,044.6시간",2023년 5월 5일,빙칠링. ,gon8260
6640c775bb0e68e4b15e9a39,아직 아무도 이 평가가 유용하다고 하지 않음 0,추천,기록상 460.7시간,2023년 5월 4일,익숙한똥맛 어째서 넥스플레이시간은 안넘어옴 ㄹㅇㅋㅋ. 1000시간이 넘어도 트린이라고 할수있다 그래서 좋은겜. ,akdyclzl258
6640c775bb0e68e4b15e9a3a,아직 아무도 이 평가가 유용하다고 하지 않음 0,추천,기록상 13.4시간,2023년 5월 4일,조오오온나 재밌는데? 왜 맛있지?,ERTIMITTY
6640c775bb0e68e4b15e9a3b,아직 아무도 이 평가가 유용하다고 하지 않음 0,추천,기록상 1.6시간,2023년 5월 4일,^ ^. ,Breast Mania
6640c776bb0e68e4b15e9a3c,7명이 이 평가가 유용하다고 함 0,비추천,기록상 172.5시간,2023년 5월 2일,스트레스 받고 싶으시면 지금바로 다운로드. ,실비
6640c776bb0e68e4b15e9a3d,10명이 이 평가가 유용하다고 함\n1명이 이 평가가 재미있다고 함 0,비추천,기록상 222.7시간,2023년 5월 9일,"역대 최악의 게임중 1위에 속하지 않을까 싶다. 넥슨한테 쫓겨나기 전에도 운영, 개발 다 욕나올 정도로 심각해서. 패키지만 주구장창 팔아먹고, 심지어 평균동접 150명일때도 서버가 얼마나. 쓰레기인지 틈만 나면 튕기고 그랬었는데. 스팀으로 옮기고 계속해서 유저수 바닥치니까 이제는 일본서버 동남아서버. 다 합쳐서 통합시켜놨는데 각국의 쓰레기 서버를 1개로 몰아쳐넣었으면. 서버라도 좋은걸 써야하는데 서버 개선은 커녕 더 잘튕기고 관리는 1도안함. 심지어 현질 패키지랑, 도박아이템은 꼬박꼬박 하루도 안늦고 여전히 출시하고있음. 서버라도 좋은걸 써라 운영도 최악이고 개발도 최악이면 서버라도 좋아야지. ",Mazeltov
6640c776bb0e68e4b15e9a3e,아직 아무도 이 평가가 유용하다고 하지 않음 0,추천,기록상 28.8시간,2023년 4월 30일,nice. ,rukeman
6640c776bb0e68e4b15e9a3f,아직 아무도 이 평가가 유용하다고 하지 않음 0,추천,기록상 112.4시간,2023년 4월 29일,트오세 고고헛 ㅠㅠ. ,lsm7858
6640c776bb0e68e4b15e9a40,6명이 이 평가가 유용하다고 함\n3명이 이 평가가 재미있다고 함 0,비추천,기록상 4.2시간,2023년 4월 18일,이거게임이상해요. ,CavinGhost
6640c776bb0e68e4b15e9a41,8명이 이 평가가 유용하다고 함 0,비추천,기록상 3.0시간,2023년 4월 18일,그들만의 리그. ,kozue
6640c776bb0e68e4b15e9a42,3명이 이 평가가 유용하다고 함 0,비추천,기록상 4.4시간,2023년 4월 17일,메이플2같아. ,니놈을 살살 열받게
6640c776bb0e68e4b15e9a43,5명이 이 평가가 유용하다고 함 1,비추천,기록상 0.2시간,2023년 4월 16일,본인들이 만든 게임에 얼마나 애정이 없으면 이렇게 아무것도 안할까..ㅋㅋㅋㅋㅋㅋ. 유저들이 얼마나 우스우면 뭐라고 하던 무시로 일관할까 ㅋㅋㅋㅋㅋ. 대한민국 게임판 안좋은 모든 예를 보여주는 회사와 대표와 직원들.,Rock
6640c776bb0e68e4b15e9a44,아직 아무도 이 평가가 유용하다고 하지 않음 0,추천,기록상 4.4시간,2023년 4월 14일,재밋는 갓겜중하나. ,토리토리
6640c777bb0e68e4b15e9a45,1명이 이 평가가 유용하다고 함\n1명이 이 평가가 재미있다고 함 0,추천,기록상 0.1시간,2023년 4월 12일,추천을 해야 남들도 해본다. ,잠시만 기다리십시오...
6640c777bb0e68e4b15e9a46,1명이 이 평가가 유용하다고 함 0,비추천,기록상 70.2시간,2023년 4월 2일,ㅗ. ,꙰
6640c777bb0e68e4b15e9a47,21명이 이 평가가 유용하다고 함\n7명이 이 평가가 재미있다고 함 0,비추천,기록상 25.8시간,2023년 3월 30일,"당신은 아름다운 배경과 캐릭터, 그리고 흥미로운 직업 매커니즘 과 완벽한 음악 을 맛볼수있다. 하지만 이것을 플레이 하지 마라. 제작사는 이미 이게임에 관심이없고, 남은 유저들을 돈으로 이용할 생각뿐이다. 이 게임을 플레이 하고싶다면 차라리 밖으로 나가 주변을 둘러보는것을 추천한다.",ひとみちゃんかわいい
6640c777bb0e68e4b15e9a48,10명이 이 평가가 유용하다고 함\n1명이 이 평가가 재미있다고 함 0,비추천,기록상 173.7시간,2023년 3월 30일,"병 신 겜, 게임자체는 아름답고 음악좋고 완벽함. 운영이 쓰레기보다 못한수준. 하지말것.",SlayXOXO
6640c777bb0e68e4b15e9a49,2명이 이 평가가 유용하다고 함 0,비추천,기록상 41.2시간,2023년 3월 30일,사실상 유료게임. ,Harley
6640c777bb0e68e4b15e9a4a,16명이 이 평가가 유용하다고 함\n4명이 이 평가가 재미있다고 함 0,비추천,기록상 315.9시간,2023년 3월 29일,주말 오후 피크타임 최대 동시접속자 300명인 RPG에 미래는 있는가. ,Smile Again
6640c777bb0e68e4b15e9a4b,아직 아무도 이 평가가 유용하다고 하지 않음 0,추천,기록상 73.6시간,2023년 3월 26일,드디어 이걸 한국인과 하는구나 ㅜㅜ. ,nom6314
6640c777bb0e68e4b15e9a4c,2명이 이 평가가 유용하다고 함 0,추천,기록상 47.2시간,2023년 3월 24일,"그냥 일본제 RPG 게임들처럼 패키지 싱글 게임으로 스팀덱 호환으로 내놓으면 갓갓 게임 될텐데액션 RPG, 오우거 배틀 라이크류 중에서는 이 게임 그래픽이 제일 좋고 음악도 괜찮음.그냥 리소스 그대로 긁어다가 싱글 게임으로 팔아도 될 것 같은데..",[박상호] Peter Gourd
6640c777bb0e68e4b15e9a4d,1명이 이 평가가 유용하다고 함 0,추천,기록상 59.8시간,2023년 4월 3일,솔직하게 말하자면 일단 사람들마다 다르겠지만 나는 이런 아기자기한 그래픽이 좋아서 시작함 그래서 그런류를 좋아하면 일단 그부분은 재밌음 하지만 필드맵에서 노가다성으로 돈을 버는 방식이 아닌것에서 좀 아쉬움. 물론 필드에서 어느정도 가능은 하지만 필드보단 레이드에 맞춰져있고 너무 반복적이라 후반가면 재미가없음 또 파티맺고하는게 재밌는건데 쌘보스하나만이 아니라 여러마리가 나오고 단계적으로 거점을 공략하는 방식이었으면 좋겠단 생각이듬 비슷한게 챌린지모드가 있긴함. ,h2nan89
6640c778bb0e68e4b15e9a4e,12명이 이 평가가 유용하다고 함\n17명이 이 평가가 재미있다고 함 0,추천,"기록상 3,355.7시간",2023년 3월 22일,구원자님. 한번 맡아보세요. 정말 향기롭지 않나요?,Nergigante
6640c778bb0e68e4b15e9a4f,8명이 이 평가가 유용하다고 함 0,비추천,기록상 245.4시간,2023년 3월 22일,망겜은 망겜인데 이유가 있다.,ra4270
6640c778bb0e68e4b15e9a50,8명이 이 평가가 유용하다고 함 0,추천,기록상 60.6시간,2023년 3월 17일,"라그나로크 추억돋게 생겨서 해봤는데... 욕먹을 정도까지는 아닌거 같고, 아쉽긴하네요. 내 취향인데 너무 아쉽네...요. ","/;|~""'#>@+$,^?&*%#<!:\=)-"
6640c778bb0e68e4b15e9a51,아직 아무도 이 평가가 유용하다고 하지 않음 0,비추천,기록상 1.8시간,2023년 3월 14일,오랜만에 복귀 해서 렙1부터 키우려고햇는데 버그때문에 퀘가 안깨져서 진행이 안됨 ;; 역시나 버그 나무 ;;. ,hell knight
6640c778bb0e68e4b15e9a52,아직 아무도 이 평가가 유용하다고 하지 않음 0,추천,기록상 13.3시간,2023년 3월 14일,테일즈위버 mk2. ,wwwww369(s.korea)
6640c778bb0e68e4b15e9a53,2명이 이 평가가 유용하다고 함 0,추천,기록상 13.6시간,2023년 3월 8일,"단지 내가 소환에 환장한다는 점 때문에 따봉누름.. 그리모어와 네크로노미콘, 거기에 탑승까지 가능한 시스템이 있는 액션RPG게임은 매우 드물다는 이유 하나때문임.. 소환 신직업좀.. 아니면 삭제된것들 좀 돌려줘요 뭐가이렇게 많이잘린거야. ",Many
6640c778bb0e68e4b15e9a54,아직 아무도 이 평가가 유용하다고 하지 않음 0,추천,기록상 973.9시간,2023년 3월 7일,'재미있어요',LooBenK
6640c778bb0e68e4b15e9a55,아직 아무도 이 평가가 유용하다고 하지 않음\n1명이 이 평가가 재미있다고 함 0,추천,기록상 222.4시간,2023년 3월 6일,한번 매력에 빠지면 헤어나올 수 있다. 단지 연어처럼 다시 돌아오는 행위를 멈출 수 없으며. 형평성 없는 패치에 돌아온 연어처럼 죽을 수 있다. 새끼 연어처럼 아무것도 모른채 트오세를 즐기길. ,randows
6640c778bb0e68e4b15e9a56,1명이 이 평가가 유용하다고 함 0,비추천,"기록상 1,813.7시간",2023년 2월 27일,지능 높아질려고 하니깐 뭐좀 해바 쉬이이이팔. ,시온
6640c778bb0e68e4b15e9a57,1명이 이 평가가 유용하다고 함 0,비추천,기록상 0.3시간,2023년 2월 20일,"언제나 이 게임을 옹호해보고 다녔지만, 실행도 제대로 안되는 버러지 겜은 이제 보내줄 때가 됐다.",Zahar
6640c779bb0e68e4b15e9a58,2명이 이 평가가 유용하다고 함\n2명이 이 평가가 재미있다고 함 1,추천,기록상 0.2시간,2023년 2월 19일,똥 맛 을 못 잊어 또 다시 찍어먹는...,Woolf
6640c779bb0e68e4b15e9a59,3명이 이 평가가 유용하다고 함 0,추천,"기록상 10,709.9시간",2023년 2월 19일,'ㅅ' 애증의 트우시...뉴비는 재밌음... 할게 많아여. ,유니우스
6640c779bb0e68e4b15e9a5a,1명이 이 평가가 유용하다고 함 0,비추천,기록상 42.1시간,2023년 2월 19일,학규야 벨페 해야지. ,kimparkk
6640c779bb0e68e4b15e9a5b,4명이 이 평가가 유용하다고 함\n4명이 이 평가가 재미있다고 함 0,추천,기록상 94.0시간,2023년 2월 15일,익숙한 똥맛. 귀엽고 유니크한 그래픽 스타일. 찰진 타격감. 그에 미치지 못하는 완성도. 많은 단점. 그럼에도 다시 한 번 맛 보러 오는 맛집. ,Sinse(신세)
6640c779bb0e68e4b15e9a5c,1명이 이 평가가 유용하다고 함 0,비추천,기록상 3.3시간,2023년 2월 14일,이거 할 시간에 차라리 모바일 트오세해라! 모바일 총잽이 출시 좀...,AllenKidZ
6640c779bb0e68e4b15e9a5d,1명이 이 평가가 유용하다고 함 0,추천,"기록상 1,524.1시간",2023년 2월 13일,그래픽 하나로 먹고가는 게임. ,은종
6640c779bb0e68e4b15e9a5e,1명이 이 평가가 유용하다고 함 0,비추천,기록상 0.3시간,2023년 2월 13일,그때 그느낌 그대로. ,Kyonu_
6640c779bb0e68e4b15e9a5f,5명이 이 평가가 유용하다고 함 0,비추천,"기록상 1,497.2시간",2023년 2월 12일,운영이 방치 수준. ,Detector
6640c779bb0e68e4b15e9a60,2명이 이 평가가 유용하다고 함 0,비추천,기록상 29.6시간,2023년 2월 11일,돔황챠!,Blue
6640c779bb0e68e4b15e9a61,1명이 이 평가가 유용하다고 함\n1명이 이 평가가 재미있다고 함 0,비추천,"기록상 2,066.9시간",2023년 2월 10일,하지마 도망가. ,1
6640c779bb0e68e4b15e9a62,78명이 이 평가가 유용하다고 함\n41명이 이 평가가 재미있다고 함 1,추천,"기록상 1,291.2시간",2023년 2월 9일,게임같은좆 vs 좆같은게임. ,UC
6640c77abb0e68e4b15e9a63,1명이 이 평가가 유용하다고 함 0,비추천,기록상 0.3시간,2023년 2월 4일,이관 정책도 너무 병신같은거 아니냐;. ,ZER0GOM
6640c77abb0e68e4b15e9a64,아직 아무도 이 평가가 유용하다고 하지 않음 0,추천,기록상 947.6시간,2023년 2월 2일,운영진 시 팔 게임은 재밌는데 운영이 ㅈ같음. ,_Hete
6640c77abb0e68e4b15e9a65,아직 아무도 이 평가가 유용하다고 하지 않음 0,추천,기록상 167.3시간,2023년 2월 2일,.,다된밥
6640c77abb0e68e4b15e9a66,아직 아무도 이 평가가 유용하다고 하지 않음 0,비추천,기록상 0.3시간,2023년 1월 31일,이 게임 캐릭터 생성부터가 안되네..삭제함.,kks
6640c77abb0e68e4b15e9a67,아직 아무도 이 평가가 유용하다고 하지 않음 0,비추천,기록상 20.7시간,2023년 1월 30일,패치가 개판이다 전에 두었던 재료들은 그냥 무용지물로 만들어버리는 똥겜 하루만 이러는게 아님 계속이랬음. 유저입장에서는 진짜 허망함 걍 하지마세요 이게임. ,rr2
6640c77abb0e68e4b15e9a68,15명이 이 평가가 유용하다고 함\n1명이 이 평가가 재미있다고 함 0,비추천,기록상 0.2시간,2023년 1월 30일,똥나무. ,夜明け
6640c77abb0e68e4b15e9a69,아직 아무도 이 평가가 유용하다고 하지 않음 0,추천,기록상 35.0시간,2023년 1월 29일,GOAT. ,SEIKER00
6640c77abb0e68e4b15e9a6a,아직 아무도 이 평가가 유용하다고 하지 않음\n1명이 이 평가가 재미있다고 함 0,추천,기록상 7.0시간,2023년 1월 28일,와 인생겜 갓겜 평생겜 반려겜. ,뱐종민
6640c77abb0e68e4b15e9a6b,아직 아무도 이 평가가 유용하다고 하지 않음 0,추천,기록상 77.8시간,2023년 1월 28일,파이드파이퍼 상향해주세오. ,moouse
6640c77bbb0e68e4b15e9a6c,아직 아무도 이 평가가 유용하다고 하지 않음 0,비추천,기록상 381.6시간,2023년 1월 28일,도망쳐. ,Uzi
6640c77bbb0e68e4b15e9a6d,아직 아무도 이 평가가 유용하다고 하지 않음\n1명이 이 평가가 재미있다고 함 0,비추천,기록상 0.9시간,2023년 1월 28일,아니 숨 쉬고 있다고 살아있는게 아니라고. ,Publication
6640c77bbb0e68e4b15e9a6e,3명이 이 평가가 유용하다고 함 0,추천,기록상 608.5시간,2023년 1월 28일,어서와 너도해야지^^. ,웅자님
6640c77bbb0e68e4b15e9a6f,아직 아무도 이 평가가 유용하다고 하지 않음 0,추천,기록상 23.2시간,2023년 1월 27일,그냥 저렙까진 혼자할만함. ,여우
6640c77bbb0e68e4b15e9a70,4명이 이 평가가 유용하다고 함 0,추천,기록상 180.4시간,2023년 1월 27일,족망겜. ,MOOS
6640c77bbb0e68e4b15e9a71,2명이 이 평가가 유용하다고 함 0,비추천,기록상 0.9시간,2023년 1월 26일,시간을 아무런 가치없이 똥통에 처박고 싶으면 플레이하세요.,ipune2001
6640c77bbb0e68e4b15e9a72,5명이 이 평가가 유용하다고 함 0,비추천,기록상 492.3시간,2023년 1월 26일,홈페이지나 좀 만들어라 길드 안들어가면 정보를 못 얻는 알피지는 없어 상자만 팔면 그만이냐?,황금주화
6640c77bbb0e68e4b15e9a73,5명이 이 평가가 유용하다고 함\n1명이 이 평가가 재미있다고 함 0,추천,"기록상 1,162.8시간",2023년 1월 26일,장점 : 캐릭이 귀여움. 단점 : 장점 이외...,arutuba
6640c77bbb0e68e4b15e9a74,2명이 이 평가가 유용하다고 함 0,비추천,기록상 2.0시간,2023년 1월 25일,그래... 섭종전에 맛은 봤으니... 이걸로 된거야. ,SurvivalCat
6640c77cbb0e68e4b15e9a75,아직 아무도 이 평가가 유용하다고 하지 않음 0,추천,기록상 58.9시간,2023년 1월 24일,음원 공개해 !!!!!!!!!!!!!!!!!!!!!!!!!!!!!!!!!!!!!!!!!!!!!!!!!!!!!!!!!!!!!!!!!!!!!!!!!!!!!!,폐인중
6640c77cbb0e68e4b15e9a76,아직 아무도 이 평가가 유용하다고 하지 않음 0,추천,"기록상 2,315.7시간",2023년 1월 24일,8주년이 된 것을 축하해 달라며 공격력 올려주는 펫 과금 유도. ,울부짖는멘탈
6640c77cbb0e68e4b15e9a77,2명이 이 평가가 유용하다고 함 0,비추천,기록상 20.0시간,2023년 1월 23일,"이 게임은 버려졌다.넥슨은 이리 훌륭한 컨샙아트와 스킬매커니즘을 가진 게임을 운영을 제대로 못해 몇년간 방치하다 넥슨에서 방출시켰다. 그후 운영을 이어받은 개발진들 또한 이 게임에 아무런 애정이 없고 희망이 없다 생각한다. 넥슨 홈페이지엔 뉴비들이 얻을 수 있는 방대한 정보가 있었고, 이로 인해 그나마의 뉴비 유입이 가능했었다. 하지만 스팀으로 이전된 이후 홈페이지가 폐쇠됨에 따라 홈페이지에 있던 직업정보, 유저 작성 가이드들이 전부 사라지게 되었다. 이것을 진작에 백업하여 준비해두어도 모자랄판에 스팀에 출시된지 약 1달이 다 되어가는 이 마당에 아무런 가이드를 제시하지 않고 있다. 이 게임은 버려졌다.",해킹당한 해킹당한 사서
6640c77cbb0e68e4b15e9a78,1명이 이 평가가 유용하다고 함 0,비추천,기록상 0.5시간,2023년 1월 21일,추억은 추억으로 남겨야겠다. ,Cisan
6640c77cbb0e68e4b15e9a79,10명이 이 평가가 유용하다고 함\n3명이 이 평가가 재미있다고 함 0,비추천,기록상 3.4시간,2023년 1월 21일,저는 뉴비입니다. 이 게임 너무 불친절합니다. 친절해지면 다시 돌아겠습니다.,mi48831
6640c77cbb0e68e4b15e9a7a,아직 아무도 이 평가가 유용하다고 하지 않음 0,비추천,기록상 87.8시간,2023년 1월 20일,최고의 갓겜. ,tlqkf
6640c77cbb0e68e4b15e9a7b,아직 아무도 이 평가가 유용하다고 하지 않음\n1명이 이 평가가 재미있다고 함 0,추천,"기록상 1,138.5시간",2023년 1월 19일,예전의 똥나무가 아닙니다.,****
6640c77cbb0e68e4b15e9a7c,아직 아무도 이 평가가 유용하다고 하지 않음 0,비추천,기록상 1.1시간,2023년 1월 19일,망햇어요~. ,qhfhaldi2
6640c77cbb0e68e4b15e9a7d,아직 아무도 이 평가가 유용하다고 하지 않음 0,추천,기록상 590.6시간,2023년 1월 18일,나만 당할수없다. ,SuperUltraQuicklyDie
6640c77cbb0e68e4b15e9a7e,1명이 이 평가가 유용하다고 함 0,추천,"기록상 1,258.5시간",2023년 1월 17일,흠. ,사꾸라
6640c77dbb0e68e4b15e9a7f,아직 아무도 이 평가가 유용하다고 하지 않음 0,비추천,기록상 798.4시간,2023년 1월 16일,개똥나무 임시점검 15전에 공지하는겜. ,Raisen
6640c77dbb0e68e4b15e9a80,3명이 이 평가가 유용하다고 함 0,추천,기록상 8.6시간,2023년 1월 15일,.,Dajun0918
6640c77dbb0e68e4b15e9a81,1명이 이 평가가 유용하다고 함 0,추천,기록상 653.4시간,2023년 1월 15일,평생겜 트우시 구구혓!,현동
6640c77dbb0e68e4b15e9a82,아직 아무도 이 평가가 유용하다고 하지 않음 0,비추천,기록상 33.9시간,2023년 1월 14일,왜망했는지 잘알겠습니다.,혼모노
6640c77dbb0e68e4b15e9a83,아직 아무도 이 평가가 유용하다고 하지 않음 0,비추천,기록상 7.6시간,2023년 1월 14일,"퀘스트 템을 찾아도 클릭이 안되고, 몹을 잡으라는데 멀뚱히 서있기만 하고 댐지도 안들어가고, 텔레포트 하다가 오브젝트에 껴서 뭣도 못하고... 이 시점까지도 버그가 있으면 어쩌라는거냐?",Raonarah
6640c77dbb0e68e4b15e9a84,2명이 이 평가가 유용하다고 함 0,비추천,기록상 10.6시간,2023년 1월 13일,하..,융굥이
6640c77dbb0e68e4b15e9a85,아직 아무도 이 평가가 유용하다고 하지 않음 0,추천,기록상 138.3시간,2023년 1월 13일,트우시!,(」ﾟﾛﾟ)｣NOOOooooo
6640c77dbb0e68e4b15e9a86,9명이 이 평가가 유용하다고 함 0,비추천,기록상 178.6시간,2023년 1월 12일,3년?2년만에 복귀하고 최신 스토리까지 그전에 했던 캐릭으로 점핑없이 밀었는데 ui가 이렇게까지 더러워질 줄은 상상도 못했다. 뭐랄까 그냥 최소한의 가이드에 알아서 해라식 rpg 전형적인 원신이나 검은사막처럼 스스로 알아 보세요 같은 rpg방식인데. 문제는 너무 오래되다보니 시스템적으로 이미 썩어있어서 재미도 없고 복잡하기만하고 손해를 볼수밖에 없는구조라고 해야하나. 내가 이거를 하고 싶은데 이걸 어디서 하는지 찾을 방법도 없고 성장 업적조차도 유저들한테 물어보고 다녀서 겨우 알아냈다. 점핑 의미가 있나? 차라리 구조적으로 대대적인 개편을 하던가 이 장비는 여기서 소켓할수 없어요 저 장비는 모루로 강화해요. 이 장비는 가디스라서 여기서 할수 없어요 진짜 답답해 죽는줄알았다. 앉아서 강화하고 모루작하고 NPC찾아가는 걸로 통일도 안되고 아이템창도 아이템 찾을려면 한세월 uI창 찾을려면 한세월 스토리 보는거 자체는 몇 시간조차 투자안해도 되는데 그거 가이드 없이 찾아다니는거만 수십 시간 들어갔다;. 그리고 직업이나 스킬도 요즘 흔한 rpg인 로아에도 있는거처럼 스킬도 유저들이 많이쓰는 스킬 추천 트리라던가. 그런거좀 넣어줬으면 편할거같은데 스킬도 무슨 하나하나 다 써보면서 초기화하고 아 이게 딜스킬이구나 파악하는데 오래걸린다.. 근데 그마저도 원래는 현금? 지금은 복귀 초기화 상자가 무한정 있으니까 유사 로아랑 초기화하면서 스킬찍는 느낌의 편의성이라도 느껴지는거지.. 특성포인트도 점핑 자체 캐릭에는 있는것도 없고 당장 구할 수단이 없으니까 그냥 기존에 특성포인트 넘치던 캐릭만 쓰게 되고 점핑은 특성포인트 줄수도 없어서 장비 다 쥐여줘도 약해서 컨텐츠가 하기 힘들다.기존캐릭에서 추출을 할수는 있는거 같은데..애초에 가성비 자체도 답이없는게. 실버 자체를 벌수있는 수단도 너무 한정적이다..뭐이리 융통성있는것들이 이렇게 없을수가 있나..?현질한다고 실버 주는것도 아니고 이거 맞추고 저거맞추고 하다보면 실버 자체가 근본적으로 너무 모자라다. 이전하고 나서도 걸린 버그만 몇갠지도 모르겠고.. 넥슨게임은 그냥 거르는게 맞는거 같다. 스팀으로 넘어왔대서 넥슨 계정 손절하는김에 옮겨온거였는데. 그냥 얘네는 점핑을 주는게 문제가 아니라 1렙부터 대대적인 개편을 해서 새 게임을 편찬하지 않는 한엔 그냥 패망의 길만 남은거 같다. 하지만 지들도 코드 더럽게 꼬여있으니까 인건비 아까워서 안하고 왜 망하는지 모르겠다 말만 쳐하고 있겠지.. 게임에 애정도 없는놈들..차라리 소스를 내놓고 유저들보고 게임을 만들라고 해도 이것보단 훨씬 재밌겠다. ,KaVa
6640c77dbb0e68e4b15e9a87,아직 아무도 이 평가가 유용하다고 하지 않음 0,추천,기록상 12.0시간,2023년 1월 12일,그냥저냥 잼써요. ,MADDOG87
6640c77dbb0e68e4b15e9a88,3명이 이 평가가 유용하다고 함 0,추천,기록상 17.3시간,2023년 1월 11일,시바 이관 안되서 팀 잘 못 생성하고 다 날려 먹었다 다시 할람 한달 기다려야함 조치좀. ,jimgeri
6640c77ebb0e68e4b15e9a89,14명이 이 평가가 유용하다고 함\n3명이 이 평가가 재미있다고 함 0,추천,기록상 89.3시간,2023년 1월 11일,이게임은좆븅시입니다. ,JOHNBEEN
6640c77ebb0e68e4b15e9a8a,4명이 이 평가가 유용하다고 함\n1명이 이 평가가 재미있다고 함 0,비추천,기록상 789.5시간,2023년 1월 11일,인생을 낭비한 시간 789.5. ,Yuzrika
6640c77ebb0e68e4b15e9a8b,아직 아무도 이 평가가 유용하다고 하지 않음 0,추천,기록상 14.0시간,2023년 1월 11일,재밌워요...ㅎ. ,당근
6640c77ebb0e68e4b15e9a8c,아직 아무도 이 평가가 유용하다고 하지 않음 0,추천,기록상 6.4시간,2023년 1월 10일,라그나로크식 갬성. ,ansdmlwjsghk
6640c77ebb0e68e4b15e9a8d,4명이 이 평가가 유용하다고 함 0,비추천,기록상 21.8시간,2023년 1월 10일,아직도 버그를 잡지 못하는 무능력자 집합체의 산물. ,FlashBooK
6640c77ebb0e68e4b15e9a8e,19명이 이 평가가 유용하다고 함\n7명이 이 평가가 재미있다고 함 0,추천,기록상 570.6시간,2023년 1월 9일,스토리? 100점 중 3.5점. 버그? 100점 중 250점. 게임 상태? 0점 중 0점. 채널 상태? 10점 중 4.2점. 몰?루?,Polor
6640c77ebb0e68e4b15e9a8f,3명이 이 평가가 유용하다고 함 0,추천,"기록상 1,379.3시간",2023년 1월 8일,나만 당할 수 없는 똥맛^^. ,써니사랑
6640c77ebb0e68e4b15e9a90,4명이 이 평가가 유용하다고 함 0,비추천,기록상 83.3시간,2023년 1월 8일,아니 겜 왜이리 튕김 겜 개같이 운영하네 --;. ,Vieta
6640c77fbb0e68e4b15e9a91,2명이 이 평가가 유용하다고 함 0,추천,기록상 0.8시간,2023년 1월 7일,일러스트와 비지엠이 좋아 오픈떄부터 하다 접다 하다 접다 반복했지만. 레이드겜이 된 이후 난이도가 수직상승으로 손을 놓게 된 안타까운 비운의 게임.,月下茶香
6640c77fbb0e68e4b15e9a92,2명이 이 평가가 유용하다고 함 0,추천,기록상 912.1시간,2023년 1월 7일,본인들 입맛에 맞으면 하는거지.,TOS
6640c77fbb0e68e4b15e9a93,아직 아무도 이 평가가 유용하다고 하지 않음 1,추천,"기록상 1,642.8시간",2023년 1월 7일,트우세 잼써영 평생겜 함께해용~~. ,콩순이
6640c77fbb0e68e4b15e9a94,6명이 이 평가가 유용하다고 함 0,비추천,기록상 0.7시간,2023년 1월 6일,지금 문제:. 1. 한글 다 씹힘. 2. 캐릭터 생성 안됨. 2-1. 캐릭터 이름 설정에서 넘어가지를 못함. ,Ampo
6640c77fbb0e68e4b15e9a95,아직 아무도 이 평가가 유용하다고 하지 않음 0,추천,기록상 38.0시간,2023년 1월 6일,게임이 예쁨. ,바나나맛도리
6640c77fbb0e68e4b15e9a96,아직 아무도 이 평가가 유용하다고 하지 않음 0,비추천,기록상 0.8시간,2023년 1월 6일,트우시....,Sadmandreamtree
6640c77fbb0e68e4b15e9a97,아직 아무도 이 평가가 유용하다고 하지 않음 0,추천,기록상 10.4시간,2023년 1월 6일,갓겜. ,HoleLover
6640c77fbb0e68e4b15e9a98,17명이 이 평가가 유용하다고 함\n8명이 이 평가가 재미있다고 함 0,추천,기록상 614.8시간,2023년 1월 5일,아.. 난 잘 모르겠다 썩을 동앗줄인것같긴한데 취향이 맞으니 어쩌겠어. ,999999
6640c780bb0e68e4b15e9a99,아직 아무도 이 평가가 유용하다고 하지 않음 0,추천,"기록상 1,243.6시간",2023년 1월 5일,그냥 귀여움 라그하다가 넘어왔음 하앜하앜. ,쿄코
6640c780bb0e68e4b15e9a9a,아직 아무도 이 평가가 유용하다고 하지 않음 0,비추천,"기록상 3,018.9시간",2023년 1월 5일,똥맛. ,무무띠
6640c780bb0e68e4b15e9a9b,1명이 이 평가가 유용하다고 함 0,비추천,기록상 87.3시간,2023년 1월 5일,재미는 없음. ,gairod
6640c780bb0e68e4b15e9a9c,28명이 이 평가가 유용하다고 함\n1명이 이 평가가 재미있다고 함 1,비추천,"기록상 1,101.0시간",2023년 1월 4일,모바일용 모금함. ,Bin
6640c780bb0e68e4b15e9a9d,1명이 이 평가가 유용하다고 함 0,비추천,기록상 3.4시간,2023년 1월 4일,한글이 안되 뭘해도 ㅡㅡ. ,SUCK_GOD
6640c780bb0e68e4b15e9a9e,65명이 이 평가가 유용하다고 함\n2명이 이 평가가 재미있다고 함 4,비추천,기록상 177.9시간,2023년 1월 5일,"신규 복귀 유저들 패키지판매로 장비쥐어 줍니다. 패키지안사고 일반적인루트로 성장시 오랜시간과 노력이 필요하며...... 매우 복잡한 단계를 걸쳐 육성하게되고... 컨텐츠도 별로 없으며 반복적인 숙제게임입니다. 다만 숙제를 입장권패키지구매로 더욱 많이 할수 있습니다. 패키지판매로 신규유저 진입장벽을 낮출생각만 하기때문에 초반 육성구간 개선의 여지는 없다고 보시면 됩니다. 찍먹으로 맛만보기엔 괜찮아보이는 게임일 수 있으나, 장기적으로 할 게임을 찾아보신다면 다시한번 재고해보시는걸 추천합니다.",DreamyTOS
6640c780bb0e68e4b15e9a9f,아직 아무도 이 평가가 유용하다고 하지 않음 0,비추천,기록상 273.5시간,2023년 1월 5일,PAY TO WIN PAY TO WIN PAY TO WIN PAY TO WIN PAY TO WIN PAY TO WIN PAY TO WIN PAY TO WIN PAY TO WIN PAY TO WIN PAY TO WIN PAY TO WIN PAY TO WIN PAY TO WIN PAY TO WIN PAY TO WIN PAY TO WIN PAY TO WIN PAY TO WIN PAY TO WIN PAY TO WIN PAY TO WIN PAY TO WIN PAY TO WIN PAY TO WIN PAY TO WIN PAY TO WIN PAY TO WIN PAY TO WIN PAY TO WIN PAY TO WIN PAY TO WIN PAY TO WIN PAY TO WIN PAY TO WIN PAY TO WIN PAY TO WIN PAY TO WIN PAY TO WIN PAY TO WIN PAY TO WIN PAY TO WIN PAY TO WIN PAY TO WIN PAY TO WIN PAY TO WIN 게임.,플라톤
6640c780bb0e68e4b15e9aa0,1명이 이 평가가 유용하다고 함 0,비추천,기록상 0.1시간,2023년 1월 3일,메인화면부터 겜ㅈㄴ끊김ㅋ. ,ez42
6640c781bb0e68e4b15e9aa1,아직 아무도 이 평가가 유용하다고 하지 않음 0,추천,기록상 147.0시간,2023년 1월 3일,-. ,Moontler
6640c781bb0e68e4b15e9aa2,24명이 이 평가가 유용하다고 함\n12명이 이 평가가 재미있다고 함 3,추천,기록상 4.2시간,2023년 1월 3일,살살뀌면 트우시 힘차게 뀌면 트리오브세이비어!,WHALE59
6640c781bb0e68e4b15e9aa3,아직 아무도 이 평가가 유용하다고 하지 않음 0,추천,"기록상 2,130.6시간",2023년 1월 3일,아기자기 한 게임 추천. ,슈가
6640c781bb0e68e4b15e9aa4,아직 아무도 이 평가가 유용하다고 하지 않음 0,비추천,기록상 34.7시간,2023년 1월 2일,여기는 고객센터 없나 ..? 문의는 어디다 드려야하지 ..,CROSS.LINE.
6640c781bb0e68e4b15e9aa5,아직 아무도 이 평가가 유용하다고 하지 않음 0,추천,기록상 110.7시간,2023년 1월 2일,넥슨에서 망해서 돌아온 트오세...애정게임. ,악동
6640c781bb0e68e4b15e9aa6,아직 아무도 이 평가가 유용하다고 하지 않음 0,비추천,기록상 7.3시간,2023년 1월 2일,새로 시작했는데;. 아이콘에 대한 정보가 없다. 클래스 렙 15 찍고 전직했는데. 기존 스킬이 갑자기 비활성화가 되었다.. 그래서 에이 전직변경이 그나마 쉽게 되겠지.. 하고. 창을 봤더니 전직변경 포인트를 모으거나..아니면 전직변경권을 사야하는데. 이게 너무 비싸서 바로 꺼버렸다. 뭐지 이거. 아무런 정보 없이 시작해도.. 알아볼수는 있게 해야하는거 아닌가.. 아니면 전직변경 포인트를 모으는 방법을 인게임 내에서 보여주던가..ㅠㅠ. 내 선택이 이렇게 큰 변화를 가져올줄이야. ,Lastic
6640c781bb0e68e4b15e9aa7,10명이 이 평가가 유용하다고 함\n6명이 이 평가가 재미있다고 함 0,비추천,기록상 3.6시간,2023년 1월 2일,추억돋아서 깔았음. 옛 추억은 역시 묻어두었어야. ,ddejjy
6640c782bb0e68e4b15e9aa8,3명이 이 평가가 유용하다고 함 0,비추천,기록상 6.6시간,2023년 1월 1일,아니 그래서 캐릭터 생성 왜 안되냐고요. ,Hari
6640c782bb0e68e4b15e9aa9,4명이 이 평가가 유용하다고 함 0,비추천,기록상 0.7시간,2023년 1월 1일,잠깐했는데 똥냄새가..,자랑맨
6640c782bb0e68e4b15e9aaa,아직 아무도 이 평가가 유용하다고 하지 않음 0,추천,기록상 141.3시간,2023년 1월 1일,길드 들어가서 정보얻으면서 하면 재밌어요 그래픽도 취저. ,luckup
6640c782bb0e68e4b15e9aab,12명이 이 평가가 유용하다고 함\n1명이 이 평가가 재미있다고 함 1,추천,"기록상 4,239.9시간",2022년 12월 31일,"장점 : 그래픽이 훌륭하고 코스튬이 이쁜게 많다. 게임자체가 라이트해서 스트레스 덜 받는 힐링게임이다. 단점 : 수평컨텐츠가 약하고, 중간의 디딤돌이 없어서 뉴비들이 폐사하기 딱 좋다.",아라사랑
6640c782bb0e68e4b15e9aac,아직 아무도 이 평가가 유용하다고 하지 않음 0,추천,기록상 270.9시간,2022년 12월 31일,현질안하고 하면 진짜로 혜자 인데 시스템이 혜자가 아님 ㄹㅇ ㅋㅋ. ,rjwl1471
6640c782bb0e68e4b15e9aad,2명이 이 평가가 유용하다고 함 0,비추천,기록상 282.5시간,2022년 12월 31일,똥팔육세대들이 동접 300명 남은 게임 ㅋㅋ 300명남아도 개꼰대 틀딱 본성 못버려서 뉴비 장비강요함. a레이드를 돌려면 a레이드템을 맞춰야하는데 기어딱렙 맞추면 민폐라고 욕함 그와중에 쌀먹은 하고싶어서 현금사이트에 게임돈 팔고있음 ㅋㅋ 게임은 아기자기한테 유저새끼들이 거이 일베급 쓰레기들만 남음. ,arcturus9871
6640c782bb0e68e4b15e9aae,아직 아무도 이 평가가 유용하다고 하지 않음 0,추천,기록상 319.7시간,2022년 12월 31일,이겜의재미는여러가지전직을할수잇다는점이다.,630zero
6640c782bb0e68e4b15e9aaf,5명이 이 평가가 유용하다고 함 0,비추천,"기록상 1,678.0시간",2022년 12월 31일,하지마 그냥. ,KKOT.KIM
6640c782bb0e68e4b15e9ab0,아직 아무도 이 평가가 유용하다고 하지 않음 0,추천,기록상 134.2시간,2022년 12월 31일,그냥 할만하다. ,sdhi08
6640c782bb0e68e4b15e9ab1,3명이 이 평가가 유용하다고 함 0,비추천,기록상 1.4시간,2022년 12월 31일,에휴. ,SSD
6640c783bb0e68e4b15e9ab2,1명이 이 평가가 유용하다고 함 0,추천,기록상 0.3시간,2022년 12월 31일,섭종기원 1일차♡. ,마법공학 고라니
6640c783bb0e68e4b15e9ab3,2명이 이 평가가 유용하다고 함 0,추천,기록상 56.9시간,2022년 12월 31일,처음에 가이드로 볼수 있는게 없어서 고생을 좀 했는데 3일째에 우연히 가이드를 찾게 되서 공유 겸 올립니다. 게임 난이도는 좀 있는편.. https://docs.google.com/document/d/1MlCrk_EGGPRxzhHQCI0oK9e57hNU4yz0pkczyglLmUI/edit?usp=sharing. 여기에 가시면 그나마 최신인 가이드가 있습니다. 게임 서버에 사람은 좀 있는편.. 밑에 말하는 또라이 같이 사람은 사실 한국 에 게임 서버 모두에 해당됩니다. 어딜 가나 있어요.,라스트 미셸
6640c783bb0e68e4b15e9ab4,아직 아무도 이 평가가 유용하다고 하지 않음 0,추천,기록상 98.2시간,2022년 12월 31일,역시 똥나무!!! 재미있어요~. ,newbie
6640c783bb0e68e4b15e9ab5,1명이 이 평가가 유용하다고 함 0,비추천,기록상 0.8시간,2022년 12월 31일,재미없어요. ,TangledS2
6640c783bb0e68e4b15e9ab6,아직 아무도 이 평가가 유용하다고 하지 않음 0,비추천,기록상 2.5시간,2022년 12월 30일,존나게 난잡하고 난해한 스펙업 시스템에 존나게 부실한 설명! 똥겜이라 구글링해도 나오지 않는 정보와의 앙상블.,소금
6640c783bb0e68e4b15e9ab7,아직 아무도 이 평가가 유용하다고 하지 않음 0,추천,"기록상 1,469.5시간",2022년 12월 30일,하이랜더 스페셜 여자 코스튬 삽니다.,sc5666
6640c783bb0e68e4b15e9ab8,아직 아무도 이 평가가 유용하다고 하지 않음 0,추천,기록상 403.5시간,2022년 12월 30일,아프지마 트우시. ,hangun1113
6640c783bb0e68e4b15e9ab9,32명이 이 평가가 유용하다고 함\n1명이 이 평가가 재미있다고 함 0,비추천,"기록상 1,594.6시간",2022년 12월 30일,PC 개같이 유기 후 모바일에 올인한 게임. ,Shario
6640c783bb0e68e4b15e9aba,13명이 이 평가가 유용하다고 함 0,비추천,기록상 41.3시간,2022년 12월 30일,제발 앞으로 뭘 진행해야 하는지 어떻게템을 업글해나가야 하는지 친절하게 좀 알려주고 템들좀 간략화 시켜라 뭐이리 쓸데없이 종류도 많고 ... 이템 저템 강화하는 방식도 다르고 통일좀해라 시스템좀 간략하게 개편좀 해보라고 복잡하게 자꾸 하나둘 늘려만가면 대단해보이냐?,SSibural
6640c784bb0e68e4b15e9abb,5명이 이 평가가 유용하다고 함\n1명이 이 평가가 재미있다고 함 0,추천,기록상 549.1시간,2022년 12월 30일,저도 이 게임을 왜 좋아하는지 모르겠습니다. 지금은 티타임 길드에서 콜로니전을 즐겨하고 있어요. 오랫동안 키워왔던 캐릭터의 애정때문일까요. 어렸을 적 바람의 나라를 친구들이랑 같이했던 비슷한 즐거움을 이 게임을 통해 느끼고 있습니다. 점점 심해져가는 mmorpg의 과금 비즈니스 구조에서 게임의 고유한 즐거움을 잃지 않는 운영을 조심스럽게 기대해봅니다. ,Atmosphere
6640c784bb0e68e4b15e9abc,23명이 이 평가가 유용하다고 함\n5명이 이 평가가 재미있다고 함 2,추천,기록상 264.2시간,2022년 12월 30일,나만 당할 순 없지 ㅋㅋㅋㅋㅋ. ,Nong
6640c784bb0e68e4b15e9abd,아직 아무도 이 평가가 유용하다고 하지 않음 0,추천,기록상 415.2시간,2022년 12월 29일,갓겜 쏘리질러. ,sftcap
6640c784bb0e68e4b15e9abe,1명이 이 평가가 유용하다고 함 0,비추천,기록상 156.2시간,2022년 12월 29일,직업을 가챠로 파냐 씨ㅡㅡㅡㅡㅡ발롬드라. ,jmk
6640c784bb0e68e4b15e9abf,1명이 이 평가가 유용하다고 함 0,비추천,기록상 0.3시간,2022년 12월 29일,평가 쓰려고 설치했다. 난 이게임 처음 해봤을때 2년 서비스 하면 오래하는거라고 생각했는데. 넥슨이 생각보다 오래 지켜주었다고 생각된다. 서비스 당시 내가 다니던 회사에서 만들던 게임이 서비스 직전까지 갔다가 까인 이후. 트오세를 해보고 어이가 없었던 기억이 난다 적어도 우리게임은 정상적으로 플레이가 가능했었는데....,Vityaz
6640c784bb0e68e4b15e9ac0,2명이 이 평가가 유용하다고 함 0,비추천,기록상 0.1시간,2022년 12월 29일,놀이터가 밖에서 보기에는 적당히 재밌어 보이는데. 들어가기 직전에 사람이 너무 없어서 이상하게 생각하다가. 들어가서 보면 사람이 없는 이유가 있다는걸 깨달음. 20~30명정도 되는 길드 들어갔었는데 이관되고 다시 보니까 다 접었음 ㅋ. ,11Hz
6640c784bb0e68e4b15e9ac1,아직 아무도 이 평가가 유용하다고 하지 않음 0,비추천,"기록상 3,590.4시간",2022년 12월 29일,제발 좀 죽어. ,21in7
6640c784bb0e68e4b15e9ac2,아직 아무도 이 평가가 유용하다고 하지 않음 0,추천,기록상 8.7시간,2022년 12월 29일,운영초중반 정도 까지 재미있게했다가 사람들 빠져서 인던큐 안잡혀서 접은 사람입니다. 스팀에 오픈한다고 하길래 글로벌유져 많이 생겨서 북적북적하던시절 기대했는데. 그냥 똑같이 그대로 운영되는거 였나봐요 착각했네 ㅎㅎ. 암튼 오랜만에 와서 해보니까 잔버그가 아직 있긴하네요. 저는 팀숙소에서 아무키 안먹혀서 강제종료했어야했고. 스토리진행중에 카메라만 이동되고 캐릭은 멈춰있어서 강제종료했어야했어요. ,꼰네
6640c784bb0e68e4b15e9ac3,1명이 이 평가가 유용하다고 함 3,추천,"기록상 6,609.2시간",2022년 12월 29일,너무 귀엽고 재밌는걸요~?~???? 특히 레이드가 너무 재밌어요!! 강추입니다요!!!,Rooing
6640c785bb0e68e4b15e9ac4,아직 아무도 이 평가가 유용하다고 하지 않음 0,비추천,기록상 129.2시간,2022년 12월 29일,몇달뒤 운명이 어떻게 될지 모르는 게임 그냥 로아나 6월에 디아4 하러 가는게 좋을거임...,cazama1537
6640c785bb0e68e4b15e9ac5,4명이 이 평가가 유용하다고 함 0,비추천,기록상 0.5시간,2022년 12월 29일,몇 년만에 이관한다기에 접속했더니. 마켓에서 템 수령하라고 시켜서 받아보니까. 무게가 오버되서 뭘 할 수가 없네. 창고 확장도 쓰레기 같고 ㄸ나무 답다 싶었다.,MasterMind
6640c785bb0e68e4b15e9ac6,1명이 이 평가가 유용하다고 함 0,비추천,기록상 1.2시간,2022년 12월 29일,개같이 유기!,Saki
6640c785bb0e68e4b15e9ac7,아직 아무도 이 평가가 유용하다고 하지 않음 0,추천,기록상 284.9시간,2022년 12월 29일,날아 올라라.. 트오세!,skawls90
6640c785bb0e68e4b15e9ac8,1명이 이 평가가 유용하다고 함 0,추천,기록상 0.7시간,2022년 12월 29일,재밌는거같아여. ,토깽단
6640c785bb0e68e4b15e9ac9,4명이 이 평가가 유용하다고 함 0,추천,기록상 3.6시간,2022년 12월 29일,트우시 안망험!,Golden Ramen
6640c785bb0e68e4b15e9aca,5명이 이 평가가 유용하다고 함 1,비추천,기록상 218.5시간,2022년 12월 29일,"유저들이 개선점 제시하면 이런저런 핑계만 대면서 안 된다고 하는 게임사. 유저들이 버그 문의하면 버그 이용자로 제재하는 게임사. 유저들이 직접 플레이하면서 얻은 경험을 바탕으로, 아무리 애정을 가지고 이야기해도,. 자기들이 게임을 더 잘 안다면서 유저 개무시하고 유저랑 기싸움만 하는 게임사. 유저들이 소통하려고 아무리 애를 써도 절대 들어주지 않는 게임사. 그러면서 소통하는 척, 게임에 애정이 있는 척, 유저 기만하는 게임사. 온갖 문제들이 판을 치는데, 눈 감고 귀 막고 그냥 유저 지갑이나 털어먹을 생각하는 게임사. 자기들이 호언장담한 말도 지키지 않고 또 핑계만 대는 게임사.",NEKO#ΦωΦ
6640c785bb0e68e4b15e9acb,2명이 이 평가가 유용하다고 함\n2명이 이 평가가 재미있다고 함 0,추천,기록상 29.9시간,2022년 12월 29일,"귀엽고 아기자기한 2.5D 그래픽. 심금을 울리는 웅장하고 아련한 BGM. 대 서사시와도 같은 스토리! 시원한 게임진행과 타격감! 악튜러스, 라그나로크, 그라나도 에스파다와 같은. 히트작을 대거 제작한 김학규 사장의 초심이 담긴 대작. 트리 오브 세이비어. 23년 스팀을 뜨겁게 달굴 최고의 MMORPG 임에 틀림 없습니다.",Funyaba
6640c785bb0e68e4b15e9acc,5명이 이 평가가 유용하다고 함 0,추천,기록상 1.7시간,2022년 12월 28일,트오세 턴제 알피지로 다시 만들자 그래픽이 딱인걸...,qweasd1122ok
6640c786bb0e68e4b15e9acd,1명이 이 평가가 유용하다고 함 0,추천,기록상 1.9시간,2022년 12월 28일,노래라도 좋은게 어디임. ,A6
6640c786bb0e68e4b15e9ace,2명이 이 평가가 유용하다고 함 0,비추천,기록상 233.1시간,2022년 12월 28일,하지 말라는 데엔 이유가 있다. ,OpT
6640c786bb0e68e4b15e9acf,아직 아무도 이 평가가 유용하다고 하지 않음 0,추천,기록상 211.8시간,2022년 12월 28일,평생겜 트우시 고고혓. ,ldsmilk
6640c786bb0e68e4b15e9ad0,3명이 이 평가가 유용하다고 함 0,비추천,기록상 5.2시간,2022년 12월 28일,또속냐 애들아 스팀왔다고 달라질거같에??,Bell
6640c786bb0e68e4b15e9ad1,아직 아무도 이 평가가 유용하다고 하지 않음 0,추천,기록상 30.3시간,2022년 12월 28일,배경음악 그래픽 좋음. ,기즈
6640c786bb0e68e4b15e9ad2,6명이 이 평가가 유용하다고 함 0,비추천,기록상 1.0시간,2022년 12월 28일,서버 통합 한다고 다 합쳐져 있는게 아니라. 다른쪽 서버 아이디를 날려버리는 게임은 얘들밖에 없을듯. ,FOR YOU
6640c786bb0e68e4b15e9ad3,5명이 이 평가가 유용하다고 함 0,비추천,기록상 1.5시간,2022년 12월 28일,튜토끝내고 마을 들어가니깐 벌써 하기 싫어짐. ,로제타
6640c786bb0e68e4b15e9ad4,13명이 이 평가가 유용하다고 함 0,비추천,기록상 23.3시간,2022년 12월 28일,아우 시브랄거.. 병신겜인건 둘째 치더라도 유저들 수준 십창이네 ㅋㅋ. 사람이 질문을 하면 7~8번 쳐 물어봐야 띠껍게 답변하고 끝이네. 산소호흡기 달고 꾸역꾸역 잘 지내라. 이래가지고 뭐 얼마나 더 오래 갈진 모르겠지만 :D. ,Seven's One
6640c786bb0e68e4b15e9ad5,8명이 이 평가가 유용하다고 함 0,비추천,기록상 33.9시간,2022년 12월 28일,우와~ 똥나무다 똥나무!,Claire
6640c786bb0e68e4b15e9ad6,아직 아무도 이 평가가 유용하다고 하지 않음 0,추천,"기록상 2,296.9시간",2022년 12월 28일,재밌어용~. ,세꼬시
6640c786bb0e68e4b15e9ad7,13명이 이 평가가 유용하다고 함\n1명이 이 평가가 재미있다고 함 0,추천,기록상 124.8시간,2022년 12월 28일,왜 구유저랑 신규유저랑 분리를 시켜놓지 않나.. 분리해줘야지.. 이거 기본 아닌가..?,kimTowa
6640c787bb0e68e4b15e9ad8,4명이 이 평가가 유용하다고 함\n1명이 이 평가가 재미있다고 함 0,비추천,기록상 17.6시간,2022년 12월 28일,똥나무는 똥나무다. 괜히 생각나서 해보지마세요. 당신의 1분 1초는 그 무엇보다 소중합니다.,107457321
6640c787bb0e68e4b15e9ad9,아직 아무도 이 평가가 유용하다고 하지 않음 0,추천,기록상 10.1시간,2022년 12월 28일,평생겜 트오세 날아올라요 고고혓. ,뿡뿡빵빵
6640c787bb0e68e4b15e9ada,1명이 이 평가가 유용하다고 함 0,비추천,기록상 8.2시간,2022년 12월 28일,어서 도망쳐!,22556b
6640c787bb0e68e4b15e9adb,아직 아무도 이 평가가 유용하다고 하지 않음 0,추천,기록상 3.1시간,2022년 12월 28일,이야이야 똥나무 안한지 꽤 오래됐는데 오랜만에 스팀으로 이관한다는 소식에 냉큼 달려와봤습니다! 앞으로 스팀에서 잘 해나갔으면 좋겠네요 ㅎㅎ. ,Weebscalibur
6640c787bb0e68e4b15e9adc,아직 아무도 이 평가가 유용하다고 하지 않음 0,추천,"기록상 1,222.3시간",2022년 12월 28일,트리니애오 탈트주새오. ,로동조합
6640c787bb0e68e4b15e9add,1명이 이 평가가 유용하다고 함\n1명이 이 평가가 재미있다고 함 0,비추천,기록상 2.2시간,2022년 12월 28일,평생똥나무고고엿. ,LEGEND
6640c787bb0e68e4b15e9ade,아직 아무도 이 평가가 유용하다고 하지 않음 0,추천,기록상 0.7시간,2022년 12월 28일,... 역시 기대를 저버리지 않는구나... 접속이 되어야 뭘 해먹지; 접속버튼 누르면 아무것도 안나오는데 뭐하는거지?,Black
6640c787bb0e68e4b15e9adf,아직 아무도 이 평가가 유용하다고 하지 않음 0,추천,기록상 0.6시간,2022년 12월 27일,제발... 문좀 열어줘...!!!!!,karina
6640c787bb0e68e4b15e9ae0,아직 아무도 이 평가가 유용하다고 하지 않음 0,추천,기록상 45.8시간,2022년 12월 27일,테스트 서버 언제 출시 하나요?,HanMIn
6640c788bb0e68e4b15e9ae1,2명이 이 평가가 유용하다고 함\n1명이 이 평가가 재미있다고 함 0,추천,기록상 741.9시간,2022년 12월 27일,트오세는 다시 한 번 비상할 것입니다.,진킴
6640c788bb0e68e4b15e9ae2,1명이 이 평가가 유용하다고 함 0,추천,기록상 1.6시간,2022년 12월 27일,브금감상 고고혓. ,Lestat
6640c788bb0e68e4b15e9ae3,2명이 이 평가가 유용하다고 함 0,추천,기록상 30.1시간,2022년 12월 27일,접속이안되요. ,leejisang100
6640c788bb0e68e4b15e9ae4,45명이 이 평가가 유용하다고 함\n11명이 이 평가가 재미있다고 함 4,비추천,기록상 5.2시간,2022년 12월 27일,진짜 병신 애미디진 게임임 하지마셈. ,Noto Sans_Light/16pt
6640c788bb0e68e4b15e9ae5,아직 아무도 이 평가가 유용하다고 하지 않음 0,추천,기록상 17.5시간,2022년 12월 27일,초갓겜. ,아드임
6640c788bb0e68e4b15e9ae6,1명이 이 평가가 유용하다고 함 0,추천,"기록상 6,891.3시간",2022년 12월 27일,초갓갬 트우시. ,dkssudgktody
6640c788bb0e68e4b15e9ae7,7명이 이 평가가 유용하다고 함\n4명이 이 평가가 재미있다고 함 1,추천,기록상 126.6시간,2022년 12월 27일,트우시 다시 부활함 아무튼 부활함. ,Abaddon
6640c788bb0e68e4b15e9ae8,5명이 이 평가가 유용하다고 함\n3명이 이 평가가 재미있다고 함 1,추천,"기록상 7,390.8시간",2022년 12월 27일,:). ,SeungA
6640c788bb0e68e4b15e9ae9,3명이 이 평가가 유용하다고 함\n3명이 이 평가가 재미있다고 함 1,추천,"기록상 1,682.3시간",2022년 12월 27일,??? : TOS PC는 스팀에서 날아오를 뭔가를 준비하고 있습니다. 동생이 열일해서 형에게 힘을 보태줄 날이 올것이니 기대해주세요.,토트라
6640c788bb0e68e4b15e9aea,6명이 이 평가가 유용하다고 함\n2명이 이 평가가 재미있다고 함 0,추천,기록상 209.6시간,2022년 12월 26일,평생겜 스팀과 고고혓. ,AncientTroll
